locId,locName,speciesCode
L6349760,Belimbing,wawduc1
L6349760,Belimbing,whwduc1
L6349760,Belimbing,redjun
L6349760,Belimbing,spodov
L6349760,Belimbing,emedov2
L6349760,Belimbing,zebdov
L6349760,Belimbing,ligpig1
L6349760,Belimbing,pinpig3
L6349760,Belimbing,piipig1
L6349760,Belimbing,grecou1
L6349760,Belimbing,lescou1
L6349760,Belimbing,rafmal1
L6349760,Belimbing,chbmal1
L6349760,Belimbing,asikoe2
L6349760,Belimbing,placuc1
L6349760,Belimbing,asidrc3
L6349760,Belimbing,indcuc1
L6349760,Belimbing,malnig1
L6349760,Belimbing,fotswi
L6349760,Belimbing,houswi1
L6349760,Belimbing,gyrtre1
L6349760,Belimbing,whbwat1
L6349760,Belimbing,pagplo
L6349760,Belimbing,grsplo
L6349760,Belimbing,kenplo1
L6349760,Belimbing,whimbr5
L6349760,Belimbing,eurcur
L6349760,Belimbing,bktgod
L6349760,Belimbing,tersan
L6349760,Belimbing,comsan
L6349760,Belimbing,comred1
L6349760,Belimbing,rudtur
L6349760,Belimbing,ruff
L6349760,Belimbing,brbsan
L6349760,Belimbing,sander
L6349760,Belimbing,barbut1
L6349760,Belimbing,comter
L6349760,Belimbing,grcter1
L6349760,Belimbing,stosto1
L6349760,Belimbing,lesadj1
L6349760,Belimbing,pacreh1
L6349760,Belimbing,strher1
L6349760,Belimbing,purher1
L6349760,Belimbing,crseag1
L6349760,Belimbing,blyhae1
L6349760,Belimbing,wbseag1
L6349760,Belimbing,gyhfie1
L6349760,Belimbing,diatro1
L6349760,Belimbing,blahor1
L6349760,Belimbing,orphor1
L6349760,Belimbing,btbeat2
L6349760,Belimbing,blekin1
L6349760,Belimbing,rubkin1
L6349760,Belimbing,bankin1
L6349760,Belimbing,whtkin2
L6349760,Belimbing,sackin1
L6349760,Belimbing,colkin1
L6349760,Belimbing,soobar2
L6349760,Belimbing,buebar2
L6349760,Belimbing,gowbar2
L6349760,Belimbing,rufpic1
L6349760,Belimbing,gabwoo3
L6349760,Belimbing,orbwoo1
L6349760,Belimbing,bunwoo1
L6349760,Belimbing,burwoo1
L6349760,Belimbing,banwoo2
L6349760,Belimbing,chtwoo1
L6349760,Belimbing,whbwoo2
L6349760,Belimbing,bltfal1
L6349760,Belimbing,bchpar1
L6349760,Belimbing,barbro1
L6349760,Belimbing,banbro1
L6349760,Belimbing,baybro1
L6349760,Belimbing,banpit3
L6349760,Belimbing,wehpit1
L6349760,Belimbing,larwoo1
L6349760,Belimbing,bwfshr2
L6349760,Belimbing,grtdro1
L6349760,Belimbing,tigshr1
L6349760,Belimbing,ashtai1
L6349760,Belimbing,ruttai1
L6349760,Belimbing,bawpri1
L6349760,Belimbing,yebpri1
L6349760,Belimbing,zitcis1
L6349760,Belimbing,gohcis1
L6349760,Belimbing,pacswa1
L6349760,Belimbing,strbul1
L6349760,Belimbing,crvbul1
L6349760,Belimbing,olwbul1
L6349760,Belimbing,reebul1
L6349760,Belimbing,yevbul1
L6349760,Belimbing,sttbab1
L6349760,Belimbing,fbtbab1
L6349760,Belimbing,chwbab1
L6349760,Belimbing,moubab1
L6349760,Belimbing,whcbab1
L6349760,Belimbing,asgsta1
L6349760,Belimbing,dausta1
L6349760,Belimbing,asbfly
L6349760,Belimbing,thbflo1
L6349760,Belimbing,scbflo1
L6349760,Belimbing,plasun1
L6349760,Belimbing,pltsun2
L6349760,Belimbing,olbsun4
L6349760,Belimbing,eacsun1
L6349760,Belimbing,litspi1
L6349760,Belimbing,nutman
L6349760,Belimbing,javmun1
L6349760,Belimbing,whhmun1
L6349760,Belimbing,eutspa
L6349760,Belimbing,oripip1
L5865707,"Bukit Barisan Selatan, Bengkunat",whwduc1
L5865707,"Bukit Barisan Selatan, Bengkunat",crepar1
L5865707,"Bukit Barisan Selatan, Bengkunat",grearg1
L5865707,"Bukit Barisan Selatan, Bengkunat",spodov
L5865707,"Bukit Barisan Selatan, Bengkunat",licdov1
L5865707,"Bukit Barisan Selatan, Bengkunat",emedov2
L5865707,"Bukit Barisan Selatan, Bengkunat",ligpig1
L5865707,"Bukit Barisan Selatan, Bengkunat",pinpig3
L5865707,"Bukit Barisan Selatan, Bengkunat",thbpig1
L5865707,"Bukit Barisan Selatan, Bengkunat",lagpig1
L5865707,"Bukit Barisan Selatan, Bengkunat",gripig1
L5865707,"Bukit Barisan Selatan, Bengkunat",moipig1
L5865707,"Bukit Barisan Selatan, Bengkunat",sugcuc1
L5865707,"Bukit Barisan Selatan, Bengkunat",grecou1
L5865707,"Bukit Barisan Selatan, Bengkunat",lescou1
L5865707,"Bukit Barisan Selatan, Bengkunat",rafmal1
L5865707,"Bukit Barisan Selatan, Bengkunat",rebmal2
L5865707,"Bukit Barisan Selatan, Bengkunat",chbmal2
L5865707,"Bukit Barisan Selatan, Bengkunat",blbmal1
L5865707,"Bukit Barisan Selatan, Bengkunat",chwcuc1
L5865707,"Bukit Barisan Selatan, Bengkunat",babcuc2
L5865707,"Bukit Barisan Selatan, Bengkunat",placuc1
L5865707,"Bukit Barisan Selatan, Bengkunat",brucuc2
L5865707,"Bukit Barisan Selatan, Bengkunat",asidrc3
L5865707,"Bukit Barisan Selatan, Bengkunat",larhac2
L5865707,"Bukit Barisan Selatan, Bengkunat",indcuc1
L5865707,"Bukit Barisan Selatan, Bengkunat",sunfro1
L5865707,"Bukit Barisan Selatan, Bengkunat",sirnee1
L5865707,"Bukit Barisan Selatan, Bengkunat",pltswi1
L5865707,"Bukit Barisan Selatan, Bengkunat",blnswi1
L5865707,"Bukit Barisan Selatan, Bengkunat",y00731
L5865707,"Bukit Barisan Selatan, Bengkunat",houswi1
L5865707,"Bukit Barisan Selatan, Bengkunat",gyrtre1
L5865707,"Bukit Barisan Selatan, Bengkunat",whitre1
L5865707,"Bukit Barisan Selatan, Bengkunat",relcra1
L5865707,"Bukit Barisan Selatan, Bengkunat",woosan
L5865707,"Bukit Barisan Selatan, Bengkunat",stosto1
L5865707,"Bukit Barisan Selatan, Bengkunat",blabit1
L5865707,"Bukit Barisan Selatan, Bengkunat",yelbit
L5865707,"Bukit Barisan Selatan, Bengkunat",strher1
L5865707,"Bukit Barisan Selatan, Bengkunat",orihob2
L5865707,"Bukit Barisan Selatan, Bengkunat",crseag1
L5865707,"Bukit Barisan Selatan, Bengkunat",walhae1
L5865707,"Bukit Barisan Selatan, Bengkunat",blyhae1
L5865707,"Bukit Barisan Selatan, Bengkunat",y00839
L5865707,"Bukit Barisan Selatan, Bengkunat",bathaw1
L5865707,"Bukit Barisan Selatan, Bengkunat",gyhfie1
L5865707,"Bukit Barisan Selatan, Bengkunat",brnhao1
L5865707,"Bukit Barisan Selatan, Bengkunat",diatro1
L5865707,"Bukit Barisan Selatan, Bengkunat",scrtro1
L5865707,"Bukit Barisan Selatan, Bengkunat",whchor2
L5865707,"Bukit Barisan Selatan, Bengkunat",rhihor1
L5865707,"Bukit Barisan Selatan, Bengkunat",buchor1
L5865707,"Bukit Barisan Selatan, Bengkunat",blahor1
L5865707,"Bukit Barisan Selatan, Bengkunat",wrehor1
L5865707,"Bukit Barisan Selatan, Bengkunat",rbbeat1
L5865707,"Bukit Barisan Selatan, Bengkunat",btbeat2
L5865707,"Bukit Barisan Selatan, Bengkunat",bubkin1
L5865707,"Bukit Barisan Selatan, Bengkunat",rubkin1
L5865707,"Bukit Barisan Selatan, Bengkunat",bankin1
L5865707,"Bukit Barisan Selatan, Bengkunat",stbkin1
L5865707,"Bukit Barisan Selatan, Bengkunat",whtkin2
L5865707,"Bukit Barisan Selatan, Bengkunat",colkin1
L5865707,"Bukit Barisan Selatan, Bengkunat",ruckin1
L5865707,"Bukit Barisan Selatan, Bengkunat",dollar1
L5865707,"Bukit Barisan Selatan, Bengkunat",soobar2
L5865707,"Bukit Barisan Selatan, Bengkunat",buebar2
L5865707,"Bukit Barisan Selatan, Bengkunat",recbar1
L5865707,"Bukit Barisan Selatan, Bengkunat",retbar1
L5865707,"Bukit Barisan Selatan, Bengkunat",gowbar2
L5865707,"Bukit Barisan Selatan, Bengkunat",blbbar5
L5865707,"Bukit Barisan Selatan, Bengkunat",malhon1
L5865707,"Bukit Barisan Selatan, Bengkunat",rufpic1
L5865707,"Bukit Barisan Selatan, Bengkunat",bncwoo2
L5865707,"Bukit Barisan Selatan, Bengkunat",marwoo1
L5865707,"Bukit Barisan Selatan, Bengkunat",orbwoo1
L5865707,"Bukit Barisan Selatan, Bengkunat",rufwoo2
L5865707,"Bukit Barisan Selatan, Bengkunat",bunwoo1
L5865707,"Bukit Barisan Selatan, Bengkunat",comfla1
L5865707,"Bukit Barisan Selatan, Bengkunat",crwwoo1
L5865707,"Bukit Barisan Selatan, Bengkunat",banwoo2
L5865707,"Bukit Barisan Selatan, Bengkunat",chtwoo1
L5865707,"Bukit Barisan Selatan, Bengkunat",whbwoo2
L5865707,"Bukit Barisan Selatan, Bengkunat",bltfal1
L5865707,"Bukit Barisan Selatan, Bengkunat",blrpar1
L5865707,"Bukit Barisan Selatan, Bengkunat",lotpar2
L5865707,"Bukit Barisan Selatan, Bengkunat",bchpar1
L5865707,"Bukit Barisan Selatan, Bengkunat",grebro1
L5865707,"Bukit Barisan Selatan, Bengkunat",dusbro1
L5865707,"Bukit Barisan Selatan, Bengkunat",barbro1
L5865707,"Bukit Barisan Selatan, Bengkunat",banbro1
L5865707,"Bukit Barisan Selatan, Bengkunat",baybro1
L5865707,"Bukit Barisan Selatan, Bengkunat",giapit1
L5865707,"Bukit Barisan Selatan, Bengkunat",banpit3
L5865707,"Bukit Barisan Selatan, Bengkunat",wehpit1
L5865707,"Bukit Barisan Selatan, Bengkunat",fiemin1
L5865707,"Bukit Barisan Selatan, Bengkunat",scamin1
L5865707,"Bukit Barisan Selatan, Bengkunat",lescus1
L5865707,"Bukit Barisan Selatan, Bengkunat",datori1
L5865707,"Bukit Barisan Selatan, Bengkunat",whbwoo4
L5865707,"Bukit Barisan Selatan, Bengkunat",larwoo1
L5865707,"Bukit Barisan Selatan, Bengkunat",bwfshr2
L5865707,"Bukit Barisan Selatan, Bengkunat",ruwphi2
L5865707,"Bukit Barisan Selatan, Bengkunat",greior2
L5865707,"Bukit Barisan Selatan, Bengkunat",brodro1
L5865707,"Bukit Barisan Selatan, Bengkunat",sumdro1
L5865707,"Bukit Barisan Selatan, Bengkunat",grtdro1
L5865707,"Bukit Barisan Selatan, Bengkunat",blnmon1
L5865707,"Bukit Barisan Selatan, Bengkunat",blypaf1
L5865707,"Bukit Barisan Selatan, Bengkunat",tigshr1
L5865707,"Bukit Barisan Selatan, Bengkunat",brnshr
L5865707,"Bukit Barisan Selatan, Bengkunat",blkmag1
L5865707,"Bukit Barisan Selatan, Bengkunat",slbcro2
L5865707,"Bukit Barisan Selatan, Bengkunat",marbab1
L5865707,"Bukit Barisan Selatan, Bengkunat",dantai1
L5865707,"Bukit Barisan Selatan, Bengkunat",ashtai1
L5865707,"Bukit Barisan Selatan, Bengkunat",ruttai1
L5865707,"Bukit Barisan Selatan, Bengkunat",bawpri1
L5865707,"Bukit Barisan Selatan, Bengkunat",habbul1
L5865707,"Bukit Barisan Selatan, Bengkunat",pubbul1
L5865707,"Bukit Barisan Selatan, Bengkunat",blhbul1
L5865707,"Bukit Barisan Selatan, Bengkunat",spebul1
L5865707,"Bukit Barisan Selatan, Bengkunat",gybbul1
L5865707,"Bukit Barisan Selatan, Bengkunat",scbbul1
L5865707,"Bukit Barisan Selatan, Bengkunat",crvbul1
L5865707,"Bukit Barisan Selatan, Bengkunat",olwbul1
L5865707,"Bukit Barisan Selatan, Bengkunat",reebul1
L5865707,"Bukit Barisan Selatan, Bengkunat",yevbul1
L5865707,"Bukit Barisan Selatan, Bengkunat",arcwar1
L5865707,"Bukit Barisan Selatan, Bengkunat",sttbab1
L5865707,"Bukit Barisan Selatan, Bengkunat",fbtbab1
L5865707,"Bukit Barisan Selatan, Bengkunat",chwbab1
L5865707,"Bukit Barisan Selatan, Bengkunat",chbscb2
L5865707,"Bukit Barisan Selatan, Bengkunat",bltbab1
L5865707,"Bukit Barisan Selatan, Bengkunat",chrbab1
L5865707,"Bukit Barisan Selatan, Bengkunat",socbab1
L5865707,"Bukit Barisan Selatan, Bengkunat",sccbab1
L5865707,"Bukit Barisan Selatan, Bengkunat",moubab1
L5865707,"Bukit Barisan Selatan, Bengkunat",bkcbab1
L5865707,"Bukit Barisan Selatan, Bengkunat",shtbab1
L5865707,"Bukit Barisan Selatan, Bengkunat",horbab2
L5865707,"Bukit Barisan Selatan, Bengkunat",blunut1
L5865707,"Bukit Barisan Selatan, Bengkunat",whvmyn
L5865707,"Bukit Barisan Selatan, Bengkunat",dasfly
L5865707,"Bukit Barisan Selatan, Bengkunat",asbfly
L5865707,"Bukit Barisan Selatan, Bengkunat",verfly4
L5865707,"Bukit Barisan Selatan, Bengkunat",whcfor1
L5865707,"Bukit Barisan Selatan, Bengkunat",chnfor1
L5865707,"Bukit Barisan Selatan, Bengkunat",korfly1
L5865707,"Bukit Barisan Selatan, Bengkunat",yebflo2
L5865707,"Bukit Barisan Selatan, Bengkunat",crbflo1
L5865707,"Bukit Barisan Selatan, Bengkunat",scbflo1
L5865707,"Bukit Barisan Selatan, Bengkunat",schflo1
L5865707,"Bukit Barisan Selatan, Bengkunat",rucsun2
L5865707,"Bukit Barisan Selatan, Bengkunat",plasun1
L5865707,"Bukit Barisan Selatan, Bengkunat",olbsun4
L5865707,"Bukit Barisan Selatan, Bengkunat",punsun1
L5865707,"Bukit Barisan Selatan, Bengkunat",lobspi1
L5865707,"Bukit Barisan Selatan, Bengkunat",litspi1
L5865707,"Bukit Barisan Selatan, Bengkunat",spespi2
L5865707,"Bukit Barisan Selatan, Bengkunat",nutman
L5865707,"Bukit Barisan Selatan, Bengkunat",whhmun1
L5865707,"Bukit Barisan Selatan, Bengkunat",eutspa
L6349792,"Bukit Barisan Selatan, Forest Trail",crepar1
L6349792,"Bukit Barisan Selatan, Forest Trail",crefir3
L6349792,"Bukit Barisan Selatan, Forest Trail",grearg1
L6349792,"Bukit Barisan Selatan, Forest Trail",redjun
L6349792,"Bukit Barisan Selatan, Forest Trail",spodov
L6349792,"Bukit Barisan Selatan, Forest Trail",emedov2
L6349792,"Bukit Barisan Selatan, Forest Trail",zebdov
L6349792,"Bukit Barisan Selatan, Forest Trail",ligpig1
L6349792,"Bukit Barisan Selatan, Forest Trail",pinpig3
L6349792,"Bukit Barisan Selatan, Forest Trail",thbpig1
L6349792,"Bukit Barisan Selatan, Forest Trail",lagpig1
L6349792,"Bukit Barisan Selatan, Forest Trail",gripig1
L6349792,"Bukit Barisan Selatan, Forest Trail",moipig1
L6349792,"Bukit Barisan Selatan, Forest Trail",piipig1
L6349792,"Bukit Barisan Selatan, Forest Trail",grecou1
L6349792,"Bukit Barisan Selatan, Forest Trail",lescou1
L6349792,"Bukit Barisan Selatan, Forest Trail",rafmal1
L6349792,"Bukit Barisan Selatan, Forest Trail",rebmal2
L6349792,"Bukit Barisan Selatan, Forest Trail",chbmal2
L6349792,"Bukit Barisan Selatan, Forest Trail",chbmal1
L6349792,"Bukit Barisan Selatan, Forest Trail",blbmal1
L6349792,"Bukit Barisan Selatan, Forest Trail",asikoe2
L6349792,"Bukit Barisan Selatan, Forest Trail",babcuc2
L6349792,"Bukit Barisan Selatan, Forest Trail",placuc1
L6349792,"Bukit Barisan Selatan, Forest Trail",asidrc3
L6349792,"Bukit Barisan Selatan, Forest Trail",indcuc1
L6349792,"Bukit Barisan Selatan, Forest Trail",blnswi1
L6349792,"Bukit Barisan Selatan, Forest Trail",gyrtre1
L6349792,"Bukit Barisan Selatan, Forest Trail",whitre1
L6349792,"Bukit Barisan Selatan, Forest Trail",manher1
L6349792,"Bukit Barisan Selatan, Forest Trail",osprey
L6349792,"Bukit Barisan Selatan, Forest Trail",bkskit1
L6349792,"Bukit Barisan Selatan, Forest Trail",jerbaz1
L6349792,"Bukit Barisan Selatan, Forest Trail",orihob2
L6349792,"Bukit Barisan Selatan, Forest Trail",crseag1
L6349792,"Bukit Barisan Selatan, Forest Trail",blyhae1
L6349792,"Bukit Barisan Selatan, Forest Trail",y00839
L6349792,"Bukit Barisan Selatan, Forest Trail",blaeag1
L6349792,"Bukit Barisan Selatan, Forest Trail",blakit1
L6349792,"Bukit Barisan Selatan, Forest Trail",brakit1
L6349792,"Bukit Barisan Selatan, Forest Trail",wbseag1
L6349792,"Bukit Barisan Selatan, Forest Trail",gyhfie1
L6349792,"Bukit Barisan Selatan, Forest Trail",baeowl1
L6349792,"Bukit Barisan Selatan, Forest Trail",brnhao1
L6349792,"Bukit Barisan Selatan, Forest Trail",diatro1
L6349792,"Bukit Barisan Selatan, Forest Trail",cirtro1
L6349792,"Bukit Barisan Selatan, Forest Trail",scrtro1
L6349792,"Bukit Barisan Selatan, Forest Trail",whchor2
L6349792,"Bukit Barisan Selatan, Forest Trail",rhihor1
L6349792,"Bukit Barisan Selatan, Forest Trail",grehor1
L6349792,"Bukit Barisan Selatan, Forest Trail",buchor1
L6349792,"Bukit Barisan Selatan, Forest Trail",blahor1
L6349792,"Bukit Barisan Selatan, Forest Trail",orphor1
L6349792,"Bukit Barisan Selatan, Forest Trail",wrehor1
L6349792,"Bukit Barisan Selatan, Forest Trail",rbbeat1
L6349792,"Bukit Barisan Selatan, Forest Trail",btbeat2
L6349792,"Bukit Barisan Selatan, Forest Trail",blekin1
L6349792,"Bukit Barisan Selatan, Forest Trail",rubkin1
L6349792,"Bukit Barisan Selatan, Forest Trail",bankin1
L6349792,"Bukit Barisan Selatan, Forest Trail",stbkin1
L6349792,"Bukit Barisan Selatan, Forest Trail",whtkin2
L6349792,"Bukit Barisan Selatan, Forest Trail",colkin1
L6349792,"Bukit Barisan Selatan, Forest Trail",ruckin1
L6349792,"Bukit Barisan Selatan, Forest Trail",dollar1
L6349792,"Bukit Barisan Selatan, Forest Trail",soobar2
L6349792,"Bukit Barisan Selatan, Forest Trail",buebar2
L6349792,"Bukit Barisan Selatan, Forest Trail",retbar1
L6349792,"Bukit Barisan Selatan, Forest Trail",gowbar2
L6349792,"Bukit Barisan Selatan, Forest Trail",rufpic1
L6349792,"Bukit Barisan Selatan, Forest Trail",gabwoo3
L6349792,"Bukit Barisan Selatan, Forest Trail",marwoo1
L6349792,"Bukit Barisan Selatan, Forest Trail",orbwoo1
L6349792,"Bukit Barisan Selatan, Forest Trail",rufwoo2
L6349792,"Bukit Barisan Selatan, Forest Trail",burwoo1
L6349792,"Bukit Barisan Selatan, Forest Trail",crwwoo1
L6349792,"Bukit Barisan Selatan, Forest Trail",banwoo2
L6349792,"Bukit Barisan Selatan, Forest Trail",chtwoo1
L6349792,"Bukit Barisan Selatan, Forest Trail",whbwoo2
L6349792,"Bukit Barisan Selatan, Forest Trail",bltfal1
L6349792,"Bukit Barisan Selatan, Forest Trail",blrpar1
L6349792,"Bukit Barisan Selatan, Forest Trail",bchpar1
L6349792,"Bukit Barisan Selatan, Forest Trail",grebro1
L6349792,"Bukit Barisan Selatan, Forest Trail",dusbro1
L6349792,"Bukit Barisan Selatan, Forest Trail",barbro1
L6349792,"Bukit Barisan Selatan, Forest Trail",banbro1
L6349792,"Bukit Barisan Selatan, Forest Trail",baybro1
L6349792,"Bukit Barisan Selatan, Forest Trail",giapit1
L6349792,"Bukit Barisan Selatan, Forest Trail",banpit3
L6349792,"Bukit Barisan Selatan, Forest Trail",fiemin1
L6349792,"Bukit Barisan Selatan, Forest Trail",datori1
L6349792,"Bukit Barisan Selatan, Forest Trail",blnori1
L6349792,"Bukit Barisan Selatan, Forest Trail",larwoo1
L6349792,"Bukit Barisan Selatan, Forest Trail",bwfshr2
L6349792,"Bukit Barisan Selatan, Forest Trail",ruwphi2
L6349792,"Bukit Barisan Selatan, Forest Trail",greior2
L6349792,"Bukit Barisan Selatan, Forest Trail",brodro1
L6349792,"Bukit Barisan Selatan, Forest Trail",lrtdro1
L6349792,"Bukit Barisan Selatan, Forest Trail",sumdro1
L6349792,"Bukit Barisan Selatan, Forest Trail",grtdro1
L6349792,"Bukit Barisan Selatan, Forest Trail",blnmon1
L6349792,"Bukit Barisan Selatan, Forest Trail",blypaf1
L6349792,"Bukit Barisan Selatan, Forest Trail",tigshr1
L6349792,"Bukit Barisan Selatan, Forest Trail",blkmag1
L6349792,"Bukit Barisan Selatan, Forest Trail",slbcro2
L6349792,"Bukit Barisan Selatan, Forest Trail",marbab1
L6349792,"Bukit Barisan Selatan, Forest Trail",gyhcaf1
L6349792,"Bukit Barisan Selatan, Forest Trail",dantai1
L6349792,"Bukit Barisan Selatan, Forest Trail",ashtai1
L6349792,"Bukit Barisan Selatan, Forest Trail",ruttai1
L6349792,"Bukit Barisan Selatan, Forest Trail",bawpri1
L6349792,"Bukit Barisan Selatan, Forest Trail",yebpri1
L6349792,"Bukit Barisan Selatan, Forest Trail",pacswa1
L6349792,"Bukit Barisan Selatan, Forest Trail",barswa
L6349792,"Bukit Barisan Selatan, Forest Trail",habbul1
L6349792,"Bukit Barisan Selatan, Forest Trail",yebbul2
L6349792,"Bukit Barisan Selatan, Forest Trail",buvbul1
L6349792,"Bukit Barisan Selatan, Forest Trail",cinbul1
L6349792,"Bukit Barisan Selatan, Forest Trail",sunbul1
L6349792,"Bukit Barisan Selatan, Forest Trail",strbul1
L6349792,"Bukit Barisan Selatan, Forest Trail",blhbul1
L6349792,"Bukit Barisan Selatan, Forest Trail",spebul1
L6349792,"Bukit Barisan Selatan, Forest Trail",crvbul1
L6349792,"Bukit Barisan Selatan, Forest Trail",olwbul1
L6349792,"Bukit Barisan Selatan, Forest Trail",reebul1
L6349792,"Bukit Barisan Selatan, Forest Trail",yevbul1
L6349792,"Bukit Barisan Selatan, Forest Trail",sttbab1
L6349792,"Bukit Barisan Selatan, Forest Trail",fbtbab1
L6349792,"Bukit Barisan Selatan, Forest Trail",chwbab1
L6349792,"Bukit Barisan Selatan, Forest Trail",chbscb2
L6349792,"Bukit Barisan Selatan, Forest Trail",gyhbab1
L6349792,"Bukit Barisan Selatan, Forest Trail",socbab1
L6349792,"Bukit Barisan Selatan, Forest Trail",sccbab1
L6349792,"Bukit Barisan Selatan, Forest Trail",rucbab2
L6349792,"Bukit Barisan Selatan, Forest Trail",moubab1
L6349792,"Bukit Barisan Selatan, Forest Trail",bkcbab1
L6349792,"Bukit Barisan Selatan, Forest Trail",shtbab1
L6349792,"Bukit Barisan Selatan, Forest Trail",sumbab1
L6349792,"Bukit Barisan Selatan, Forest Trail",whcbab1
L6349792,"Bukit Barisan Selatan, Forest Trail",ferbab1
L6349792,"Bukit Barisan Selatan, Forest Trail",vefnut1
L6349792,"Bukit Barisan Selatan, Forest Trail",asbfly
L6349792,"Bukit Barisan Selatan, Forest Trail",larnil1
L6349792,"Bukit Barisan Selatan, Forest Trail",indfly1
L6349792,"Bukit Barisan Selatan, Forest Trail",whcfor1
L6349792,"Bukit Barisan Selatan, Forest Trail",yebflo2
L6349792,"Bukit Barisan Selatan, Forest Trail",crbflo1
L6349792,"Bukit Barisan Selatan, Forest Trail",yevflo1
L6349792,"Bukit Barisan Selatan, Forest Trail",orbflo1
L6349792,"Bukit Barisan Selatan, Forest Trail",scbflo1
L6349792,"Bukit Barisan Selatan, Forest Trail",rucsun2
L6349792,"Bukit Barisan Selatan, Forest Trail",plasun1
L6349792,"Bukit Barisan Selatan, Forest Trail",retsun3
L6349792,"Bukit Barisan Selatan, Forest Trail",olbsun4
L6349792,"Bukit Barisan Selatan, Forest Trail",eacsun1
L6349792,"Bukit Barisan Selatan, Forest Trail",litspi1
L6349792,"Bukit Barisan Selatan, Forest Trail",spespi2
L6349792,"Bukit Barisan Selatan, Forest Trail",gybspi2
L6349792,"Bukit Barisan Selatan, Forest Trail",whhmun1
L6349792,"Bukit Barisan Selatan, Forest Trail",eutspa
L6349792,"Bukit Barisan Selatan, Forest Trail",oripip1
L7940372,Camp Linggo (Tanggamus),spodov
L7940372,Camp Linggo (Tanggamus),licdov1
L7940372,Camp Linggo (Tanggamus),zebdov
L7940372,Camp Linggo (Tanggamus),pinpig3
L7940372,Camp Linggo (Tanggamus),gnspig1
L7940372,Camp Linggo (Tanggamus),grecou1
L7940372,Camp Linggo (Tanggamus),lescou1
L7940372,Camp Linggo (Tanggamus),chbmal2
L7940372,Camp Linggo (Tanggamus),placuc1
L7940372,Camp Linggo (Tanggamus),brucuc2
L7940372,Camp Linggo (Tanggamus),brbnee1
L7940372,Camp Linggo (Tanggamus),houswi1
L7940372,Camp Linggo (Tanggamus),whitre1
L7940372,Camp Linggo (Tanggamus),whbwat1
L7940372,Camp Linggo (Tanggamus),bkskit1
L7940372,Camp Linggo (Tanggamus),jerbaz1
L7940372,Camp Linggo (Tanggamus),crseag1
L7940372,Camp Linggo (Tanggamus),y00839
L7940372,Camp Linggo (Tanggamus),brakit1
L7940372,Camp Linggo (Tanggamus),buchor1
L7940372,Camp Linggo (Tanggamus),wrehor1
L7940372,Camp Linggo (Tanggamus),rubkin1
L7940372,Camp Linggo (Tanggamus),whtkin2
L7940372,Camp Linggo (Tanggamus),colkin1
L7940372,Camp Linggo (Tanggamus),soobar2
L7940372,Camp Linggo (Tanggamus),copbar1
L7940372,Camp Linggo (Tanggamus),buebar2
L7940372,Camp Linggo (Tanggamus),recbar1
L7940372,Camp Linggo (Tanggamus),sunmin1
L7940372,Camp Linggo (Tanggamus),whbwoo4
L7940372,Camp Linggo (Tanggamus),comior1
L7940372,Camp Linggo (Tanggamus),tigshr1
L7940372,Camp Linggo (Tanggamus),ashtai1
L7940372,Camp Linggo (Tanggamus),barswa
L7940372,Camp Linggo (Tanggamus),blhbul1
L7940372,Camp Linggo (Tanggamus),crvbul1
L7940372,Camp Linggo (Tanggamus),olwbul1
L7940372,Camp Linggo (Tanggamus),yevbul1
L7940372,Camp Linggo (Tanggamus),moubab1
L7940372,Camp Linggo (Tanggamus),sumbab1
L7940372,Camp Linggo (Tanggamus),horbab2
L7940372,Camp Linggo (Tanggamus),rbwbab1
L7940372,Camp Linggo (Tanggamus),asgsta1
L7940372,Camp Linggo (Tanggamus),whvmyn
L7940372,Camp Linggo (Tanggamus),sibthr1
L7940372,Camp Linggo (Tanggamus),ferfly1
L7940372,Camp Linggo (Tanggamus),asbfly
L7940372,Camp Linggo (Tanggamus),larnil1
L7940372,Camp Linggo (Tanggamus),lessho1
L7940372,Camp Linggo (Tanggamus),whbsho9
L7940372,Camp Linggo (Tanggamus),shwthr1
L7940372,Camp Linggo (Tanggamus),blwthr1
L7940372,Camp Linggo (Tanggamus),whcfor1
L7940372,Camp Linggo (Tanggamus),chnfor1
L7940372,Camp Linggo (Tanggamus),rucfly1
L7940372,Camp Linggo (Tanggamus),crbflo1
L7940372,Camp Linggo (Tanggamus),orbflo1
L7940372,Camp Linggo (Tanggamus),plaflo2
L7940372,Camp Linggo (Tanggamus),olbsun4
L7940372,Camp Linggo (Tanggamus),lobspi1
L7940372,Camp Linggo (Tanggamus),eutspa
L7940372,Camp Linggo (Tanggamus),forwag1
L6349779,Danau Menjukut,lewduc1
L6349779,Danau Menjukut,whwduc1
L6349779,Danau Menjukut,redjun
L6349779,Danau Menjukut,gripig1
L6349779,Danau Menjukut,piipig1
L6349779,Danau Menjukut,savnig1
L6349779,Danau Menjukut,beathk1
L6349779,Danau Menjukut,whimbr5
L6349779,Danau Menjukut,tersan
L6349779,Danau Menjukut,pacreh1
L6349779,Danau Menjukut,strher1
L6349779,Danau Menjukut,greegr
L6349779,Danau Menjukut,purher1
L6349779,Danau Menjukut,osprey
L6349779,Danau Menjukut,bkskit1
L6349779,Danau Menjukut,comkin1
L6349779,Danau Menjukut,smbkin1
L6349779,Danau Menjukut,stbkin1
L6349779,Danau Menjukut,bncwoo2
L6349779,Danau Menjukut,blkmag1
L6349779,Danau Menjukut,ruttai1
L6349779,Danau Menjukut,pacswa1
L6349779,Danau Menjukut,asbfly
L6349779,Danau Menjukut,yevflo1
L6349779,Danau Menjukut,orbflo1
L6349779,Danau Menjukut,scbflo1
L6349779,Danau Menjukut,olbsun4
L6349779,Danau Menjukut,eacsun1
